Nome,Email,Telefone
Marcia Lowe,pedro@maggio.test,313.511.2814
Song Klein,sal@little.test,117.425.1572
Horace Orn,taunya@metz.test,841.215.6052
Morris Larkin,heide@carter.test,(295) 155-4342
Edmund Pouros,enoch@ondricka-skiles.test,374 409 8229
Yolande Jones,bernard.bartoletti@koepp.test,863 360 6782
Martin Hintz,chieko@oconnell.test,(156) 360-1949
Wilmer Sauer,carola_cummings@wisoky.example,802-102-2703
Leda Klein,jess.smith@buckridge.example,(218) 403-7207
Tran Hoppe,donald@kemmer.test,959.452.3416
Tory Bednar,weldon.walter@lemke.example,507.979.0325
Pres. Quentin Muller,ken@frami-heaney.example,956-814-0940
Peggie Blick,ernie@gusikowski-hand.example,(296) 223-1637
Stefan Halvorson,johnnie@becker-streich.example,948.966.9760
Miss Brett Lowe,antwan@swift.example,853 447 9779
Chere Osinski II,darrin_leannon@goldner.example,822 366 5171
Leena Halvorson,olevia.bernier@bergstrom-mckenzie.test,313-751-7662
Jefferey O'Connell,page_collier@champlin.example,815 071 6283
Cathie Lemke,kristopher@hamill.example,789-891-6850
Mui Stiedemann,carisa.keeling@sanford.example,506 674 4940
